Workbook

Sheet raw_data
A1: OrderID | B1: Date | C1: City | D1: Product | E1: Qty | F1: Price | G1: Revenue | H1: Order Size | I1: High Value Notebook
A2: 3001 | B2: 45658 | C2: Delhi | D2: Pen | E2: 10 | F2: 5 | G2: =E2*F2 -> 50 | H2: =IF(G2 > 500, "High", "Low") -> Low | I2: =IF(AND(D2 = "Notebook", G2 > 500), "Yes", "No") -> No | K2: Q1) What is the total revenue ? | R2: =SUM(G2:G6) -> 1190 | S2: SUM
A3: 3002 | B3: 45658 | C3: Mumbai | D3: Notebook | E3: 8 | F3: 50 | G3: =E3*F3 -> 400 | H3: =IF(G3 > 500, "High", "Low") -> Low | I3: =IF(AND(D3 = "Notebook", G3 > 500), "Yes", "No") -> No | K3: Q2) Total revenue from delhi ? | R3: =SUMIF(C2:C6, C2,G2:G6) -> 775 | S3: SUMIF
A4: 3003 | B4: 45659 | C4: Delhi | D4: Pen | E4: 25 | F4: 5 | G4: =E4*F4 -> 125 | H4: =IF(G4 > 500, "High", "Low") -> Low | I4: =IF(AND(D4 = "Notebook", G4 > 500), "Yes", "No") -> No | K4: Q3) Total revenue of pen in delhi ? | R4: =SUMIFS(G2:G6,C2:C6,C2,D2:D6,D2) -> 175 | S4: SUMIFS
A5: 3004 | B5: 45660 | C5: Kolkata | D5: Pencil | E5: 5 | F5: 3 | G5: =E5*F5 -> 15 | H5: =IF(G5 > 500, "High", "Low") -> Low | I5: =IF(AND(D5 = "Notebook", G5 > 500), "Yes", "No") -> No | K5: Q4) How many orders were placed ? | R5: =COUNT(A2:A6) -> 5 | S5: COUNT
A6: 3005 | B6: 45660 | C6: Delhi | D6: Notebook | E6: 12 | F6: 50 | G6: =E6*F6 -> 600 | H6: =IF(G6 > 500, "High", "Low") -> High | I6: =IF(AND(D6 = "Notebook", G6 > 500), "Yes", "No") -> Yes | K6: Q5) How many orders placed in delhi ? | R6: =COUNTIF(C2:C6, "Delhi") -> 3 | S6: COUNTIF
K7: Q6) How many high value notebook orders ? | R7: =COUNTIF(I2:I6,I6) -> 1 | S7: COUNTIF
K8: Q7) How many pen orders in delhi ? | R8: =COUNTIFS(C2:C6, C2,D2:D6,D2) -> 2 | S8: COUNTIFS
K9: Q8) What is the average order revenue ? | R9: =AVERAGE(G2:G6) -> 238 | S9: AVERAGE
K10: Q9) What is the average order in delhi ? | R10: =AVERAGEIF(C2:C6,C2,G2:G6) -> 258.33333 | S10: AVERAGEIF
K11: Q10) What is the average revenue for delhi city for pen ? | R11: =AVERAGEIFS(G2:G6,C2:C6,C2,D2:D6,D2) -> 87.5 | S11: AVERAGEIFS

Sheet city_wise_revenue
A1: City-Wise Total Revenue | D1: By using Formula
A2: Delhi | B2: =SUMIF(raw_data!C2:C6,city_wise_revenue!A2,raw_data!G2:G6) -> 775 | D2: Step 1: Select that city column and copy the whole column and pase it in new sheet
A3: Mumbai | B3: =SUMIF(raw_data!C3:C7,city_wise_revenue!A3,raw_data!G3:G7) -> 400 | D3: Step 2: Select that column and remove all duplicates city name from the new sheet were you paste it
A4: Kolkata | B4: =SUMIF(raw_data!C4:C8,city_wise_revenue!A4,raw_data!G4:G8) -> 15 | D4: Step 3: Now you get the unique city name
D5: Step 4 : Now you just need to calculate their total revenue by using sumif formula
D6: By using pivot tables
D7: Step 1: Select that entire data
D8: Step 2: Go to insert => then pivot table => Click okk
D9: Step 3: In pivot field: Drag city => in Rows and Drag Revenue => in Values and make sure the values is = sum of revenue

Sheet product_with_high_revenue
A1: Product With High Revenue | D1: By using Formula
A2: Pen | B2: =SUMIF(raw_data!$D$2:$D$6,product_with_high_revenue!A2,raw_data!$G$2:$G$6) -> 175 | D2: Step 1: Select that product column and copy the whole column and pase it in new sheet
A3: Notebook | B3: =SUMIF(raw_data!$D$2:$D$6,product_with_high_revenue!A3,raw_data!$G$2:$G$6) -> 1000 | D3: Step 2: Select that column and remove all duplicates product name from the new sheet were you paste it
A4: Pencil | B4: =SUMIF(raw_data!$D$2:$D$6,product_with_high_revenue!A4,raw_data!$G$2:$G$6) -> 15 | D4: Step 3: Now you get the unique product name
D5: Step 4 : Now you just need to calculate product that generate high revenue
D6: Step 5: Formula =Index(product table array), match(max(revenue table array), again revenue table array, 0 for exact match))
D7: By using pivot tables
D8: Step 1: Select that entire data
D9: Step 2: Go to insert => then pivot table => Click okk
D10: Step 3: In pivot field: Drag product => in Rows and Drag Revenue => in Values and make sure the values is = sum of revenue
D12: Q1) Which product generated maximum revenue?
D14: =INDEX(A2:A4,MATCH(MAX(B2:B4),B2:B4,0)) -> Notebook | E14: =MAX(B2:B4) -> 1000
